DATE,TOTAL_ACTIVE_USERS,SWAP_TXNS,MINT_LIQUIDITY_TXNS,BURN_LIQUIDITY_TXNS,INCREASE_LIQUIDITY_TXNS,DECREASE_LIQUIDITY_TXNS,TOTAL_ACTIVE_POOLS,TOTAL_TXN_FEE_ETH,AVG_TXN_FEE_ETH,TOTAL_TXN_FEE_USD,AVG_TXN_FEE_USD,VOLUME_USD,PROTOCOL_FEES_USD
2023-01-01 00:00:00.000,22399,78355,21,7,1368,527,972,12.122769206,0.0001034260076,14509.570630416,0.1237891225,15205501,20445
2023-01-02 00:00:00.000,25217,100286,10,4,1973,799,1112,18.156907317,0.0001103884152,21998.113148777,0.133741766,40106054,51304
2023-01-03 00:00:00.000,34246,128904,18,2,2025,952,1111,24.126123612,0.00012274365,29293.816603396,0.1490347156,36311687,49696
2023-01-04 00:00:00.000,36271,150967,26,7,2569,1507,1127,36.797521256,0.0001470747784,45768.177550996,0.1829292936,74464015,74173
2023-01-05 00:00:00.000,33846,126278,18,4,1697,769,1075,26.535685527,0.0001402905953,33210.71829658,0.1755805945,36958329,59159
2023-01-06 00:00:00.000,36659,141145,27,2,1914,1132,1065,37.610061664,0.0001455813244,47224.280009815,0.1827961168,50551667,64057
2023-01-07 00:00:00.000,38672,138127,9,1,2318,824,1061,22.014397215,0.000107168262,27867.221824636,0.1356603908,25952545,41788
2023-01-08 00:00:00.000,36070,141212,6,3,6077,1381,1052,33.320628913,0.0001347158928,42173.05833605,0.1705064217,55071347,97290
2023-01-09 00:00:00.000,39888,186780,25,2,4378,2153,1135,49.947246528,0.0001470671703,65802.77136165,0.1937529705,100674323,163281
2023-01-10 00:00:00.000,38250,156825,10,5,3446,1353,1169,35.246547047,0.0001376667671,46863.697579568,0.1830412985,61884833,84190
2023-01-11 00:00:00.000,38632,164160,15,2,2607,1336,1159,40.092234102,0.000141765854,53521.969834102,0.1892533038,75157517,88035
2023-01-12 00:00:00.000,42542,218772,12,1,3168,2223,1206,66.789167152,0.0001529003518,93270.744115267,0.2135245908,144475558,162900
2023-01-13 00:00:00.000,39571,192672,20,12,2623,1871,1156,67.047407546,0.0001702069409,94816.610086647,0.2407020009,116488310,169020
2023-01-14 00:00:00.000,40736,243748,40,38,3239,2421,1302,93.96353577,0.0001674159402,142423.041027515,0.2537568124,197607952,229343
2023-01-15 00:00:00.000,38280,189113,14,6,2151,1421,1203,48.558562666,0.0001264575541,74711.520742018,0.1945658121,95522142,110261
2023-01-16 00:00:00.000,38915,199174,21,28,2424,1769,1191,54.767491622,0.0001397703945,85384.909783806,0.2179081454,123633023,144318
2023-01-17 00:00:00.000,34275,171732,15,3,2228,1489,1090,47.772881717,0.0001454291124,75092.342619865,0.2285943896,125306517,152512
2023-01-18 00:00:00.000,22094,150719,21,12,2367,1681,1116,65.54066712,0.0001993480864,103075.196748023,0.3135128789,174587068,195773
2023-01-19 00:00:00.000,24182,106482,27,7,3930,1310,1083,30.053637023,0.0001407269012,45992.800689,0.2153624306,78864670,96582
2023-01-20 00:00:00.000,22881,130150,26,15,2543,1860,1168,45.032936072,0.0001475043681,71152.594967879,0.2330587227,114973438,136447
2023-01-21 00:00:00.000,22492,159786,22,10,2833,2046,1250,50.787321147,0.0001121288858,83908.767901205,0.1852548321,140300366,187034
2023-01-22 00:00:00.000,19991,143864,13,9,2189,1332,1167,37.745555212,0.0001048129534,61670.32848435,0.1712479583,110003902,152795
2023-01-23 00:00:00.000,20999,139928,6,4,2266,1310,1152,39.42400121,0.000122900434,64233.818331429,0.200242591,131964234,179516
2023-01-24 00:00:00.000,23872,149157,17,11,2363,1368,1276,49.477404684,0.0001374822989,80278.906447194,0.2230700798,131566889,184764
2023-01-25 00:00:00.000,23101,174916,20,9,2745,1716,1323,59.771569481,0.0001306690892,93077.263290014,0.2034800379,168602476,231097
2023-01-26 00:00:00.000,24115,155286,14,11,2435,1249,1292,45.978383872,0.000125797917,74050.61752476,0.2026041947,135714012,218936
2023-01-27 00:00:00.000,26142,154988,16,8,2565,1402,1326,44.916332373,0.0001301843435,71289.050623561,0.2066223523,135871130,188626
2023-01-28 00:00:00.000,25094,127126,10,3,2178,1092,1266,29.438223206,0.0001026526831,46737.686813248,0.1629768523,81754676,129865
2023-01-29 00:00:00.000,27246,153157,16,4,2576,1675,1289,38.750647998,0.0001171652471,62321.535482258,0.1884334452,149886121,216484
2023-01-30 00:00:00.000,31187,180919,13,8,2610,1501,1386,44.188983021,0.0001190394276,70724.689340061,0.1905232019,158466462,222015
2023-01-31 00:00:00.000,28134,156199,14,7,2215,1315,1306,45.247787775,0.0001474099787,71544.122405526,0.2330791863,106846622,149830
2023-02-01 00:00:00.000,29777,188479,20,10,3118,2136,1404,90.851131447,0.0001879081163,144265.96410442,0.2983864387,220450255,338774
2023-02-02 00:00:00.000,34680,206516,57,13,4482,3295,1465,81.210264926,0.0001689040819,135602.257578195,0.2820305394,231627544,355192
2023-02-03 00:00:00.000,32002,180857,30,3,3682,2481,1426,64.392307996,0.0001718980128,106256.493756504,0.2836562423,192795752,323503
2023-02-04 00:00:00.000,34985,165879,20,13,3495,2207,1473,45.228728177,0.0001439584701,75417.18290019,0.2400452701,140617941,290918
2023-02-05 00:00:00.000,34013,190272,38,17,3310,2036,1482,48.524866159,0.000132440115,80220.804133291,0.2189486208,166807089,285321
2023-02-06 00:00:00.000,37283,199417,30,8,4034,2359,1476,53.812577167,0.0001472235885,87972.703233889,0.2406808546,190927857,377487
2023-02-07 00:00:00.000,41946,214256,17,61,4222,2714,1509,73.154659137,0.0001874275488,120130.302353857,0.3077825578,251125999,444613
2023-02-08 00:00:00.000,42348,220613,16,31,3895,2511,1528,80.939629125,0.0002023222651,134974.87240024,0.3373924765,168673339,381119
2023-02-09 00:00:00.000,43451,248932,18,35,4679,3604,1503,129.519408265,0.0002607178394,209827.79509811,0.4223756896,274362383,504626
2023-02-10 00:00:00.000,48535,232107,19,13,4240,2667,1531,78.532000266,0.0001794344526,120916.206808057,0.2762763371,199423428,306813
2023-02-11 00:00:00.000,35953,164664,5,12,3266,1785,1542,45.574197472,0.0001531617493,69299.563354067,0.2328958695,91626056,173904
2023-02-12 00:00:00.000,36033,180680,13,9,2805,1771,1521,46.325084532,0.0001438220569,71128.314938311,0.2208268083,118005135,169520
2023-02-13 00:00:00.000,41336,224142,12,30,4148,2352,1632,69.096526433,0.0001692986285,103344.759457651,0.253212816,152740053,231656
2023-02-14 00:00:00.000,39337,209524,8,12,5879,3175,1562,108.313461488,0.0002697484939,165218.961586438,0.411468394,229429076,415005
2023-02-15 00:00:00.000,41617,200035,11,22,7480,3353,1713,89.161755622,0.000249206935,141067.163641291,0.3942824503,207346103,340822
2023-02-16 00:00:00.000,46042,250957,17,13,6376,3691,1764,117.686078428,0.0002467653113,198984.362088471,0.4172323414,326258369,511857
2023-02-17 00:00:00.000,50652,265361,114,18,5708,3098,1702,98.368137682,0.0002129470852,164441.985201143,0.3559835761,353823630,642446
2023-02-18 00:00:00.000,47452,221593,236,15,4154,2263,1761,89.756381371,0.0002456709731,151994.006141241,0.4160207311,151750311,303967
2023-02-19 00:00:00.000,47795,237064,171,35,3914,2429,1806,91.350550031,0.0002168780434,154891.537936271,0.3677325826,195944605,291778
2023-02-20 00:00:00.000,58004,270727,175,16,3556,2143,1842,78.91348894,0.0001789080741,134033.198034345,0.3038722738,187576161,285779
2023-02-21 00:00:00.000,55439,295709,151,5,4540,2455,1835,95.240196004,0.0001985974677,160451.850616329,0.3345785977,250446955,342253
2023-02-22 00:00:00.000,58170,307197,78,11,4894,2895,1923,117.694607475,0.0002227356052,192271.914127805,0.363872246,241769302,363032
2023-02-23 00:00:00.000,58762,304596,152,8,4767,2533,1926,129.853484075,0.0002279186923,214873.974291675,0.3771465631,262977634,403835
2023-02-24 00:00:00.000,61706,323593,218,12,6164,3110,1939,133.041659543,0.0001977976399,217733.58593947,0.3237120581,266249260,459808
2023-02-25 00:00:00.000,53405,239232,114,5,3722,1924,1852,61.375250124,0.0001365232375,98064.204415961,0.2181342258,120750643,209998
2023-02-26 00:00:00.000,51005,209066,122,12,4458,1996,1797,51.514756782,0.000133702463,82763.084174917,0.2148050169,116655116,186608
2023-02-27 00:00:00.000,53208,232525,104,19,4503,2683,1920,63.368286265,0.0001477949945,103917.698035327,0.2423691174,177504134,272247
2023-02-28 00:00:00.000,45439,219091,54,7,3941,2588,1879,59.109691893,0.0001544216978,96415.961164471,0.251882829,151834090,210119
2023-03-01 00:00:00.000,46131,215226,65,12,3552,2087,1863,67.258798536,0.0001822682272,110822.544157319,0.3003239591,210143443,249015
2023-03-02 00:00:00.000,46905,219193,79,12,3843,2287,1938,67.200622034,0.0001678605522,110308.618739387,0.2755400932,198266725,265486
2023-03-03 00:00:00.000,44414,212540,107,5,3777,2409,1853,86.188559411,0.0002152819504,137698.079604456,0.3439425296,242128012,295879
2023-03-04 00:00:00.000,37957,168340,155,6,3302,1817,1859,58.585383942,0.0001868424485,91769.678924617,0.2926749021,104669130,147437
2023-03-05 00:00:00.000,35210,169553,83,3,2784,1593,1732,56.99438687,0.0001732009994,89494.064188488,0.2719647006,142867945,165667
2023-03-06 00:00:00.000,39572,187493,98,3,3789,2273,1831,80.624639242,0.0002352891165,126373.047085265,0.3687979615,169367969,198201
2023-03-07 00:00:00.000,40285,209118,114,9,3266,2017,1826,85.023570491,0.0002213878747,133057.473153722,0.3464605288,213825630,251290
2023-03-08 00:00:00.000,40263,229120,125,9,3500,2738,1875,104.795154267,0.0002555169197,163332.257592641,0.3982450871,199768576,218056
2023-03-09 00:00:00.000,40198,233118,48,12,4058,2850,1816,146.89720682,0.0003240596396,223307.543685533,0.4926231322,208715723,283668
2023-03-10 00:00:00.000,42695,293951,58,14,4813,3702,1822,167.688305712,0.0002675632427,236909.370846976,0.3780122843,415411117,398185
2023-03-11 00:00:00.000,45388,233701,42,13,4770,4730,1734,545.533044163,0.0007532614648,793240.461684878,1.095291071,582816089,648468
2023-03-12 00:00:00.000,39058,191756,65,7,4138,3264,1801,110.661138665,0.0002232047865,165125.262731544,0.3330595497,196233060,293360
2023-03-13 00:00:00.000,41684,256198,45,10,5815,3857,1909,190.372881035,0.0002796064992,307816.51177961,0.4520995679,358086855,475054
2023-03-14 00:00:00.000,44190,286234,34,12,5243,3537,1909,136.758380348,0.0002207207893,234257.231220746,0.3780787755,425028656,482728
2023-03-15 00:00:00.000,51372,295947,17,5,4875,2973,1841,124.50772672,0.0002125339935,208995.941491391,0.3567549038,340886131,481075
2023-03-16 00:00:00.000,54360,294472,30,2,6023,4079,1993,282.222729221,0.000412778924,468102.261892588,0.6846463022,344362338,613780
2023-03-17 00:00:00.000,46808,275915,52,12,5206,5854,1938,94.134599952,0.0001720975384,162849.37045587,0.2977223657,316244271,437235
2023-03-18 00:00:00.000,46469,277677,76,12,5324,3729,1955,83.947046851,0.0001433602762,152309.304446465,0.2601056829,256235759,437649
2023-03-19 00:00:00.000,45668,259851,54,6,4406,3131,1893,71.350776027,0.0001389875273,128542.774553962,0.2503945071,258021469,440851
2023-03-20 00:00:00.000,49861,278239,42,5,4475,3049,1944,78.113046653,0.0001457732749,139184.445907567,0.2597437094,285724739,429474
2023-03-21 00:00:00.000,53074,288671,222,8,4739,3532,1963,81.242158764,0.0001470286643,145460.494597314,0.2632483252,286439546,486271
2023-03-22 00:00:00.000,54600,293005,156,15,4665,3033,2048,100.762615604,0.0001800795568,181307.569968661,0.3240267896,357985365,472247
2023-03-23 00:00:00.000,115367,358854,118,5,20994,10455,2093,658.976305011,0.0009868016967,1175174.64675151,1.759796713,888461148,2909321
2023-03-24 00:00:00.000,86637,417763,197,8,17573,11642,2338,121.284074434,0.0001657570124,217122.325411308,0.2967376232,908784718,1868994
2023-03-25 00:00:00.000,60429,286439,135,7,9751,6302,2057,60.242814768,0.0001274764374,105907.745247013,0.2241054324,401577770,773741
2023-03-26 00:00:00.000,60262,272324,152,4,9120,5214,2022,59.298061064,0.0001304059454,104997.891129103,0.2309072001,396771651,522443
2023-03-27 00:00:00.000,66030,307918,113,4,10395,5728,2118,116.195389954,0.0002199358147,202822.973743629,0.3839053855,499780929,594834
2023-03-28 00:00:00.000,63587,293387,69,5,7637,4899,2089,95.396696997,0.0001909801726,165697.523464951,0.3317194686,428001299,447312
2023-03-29 00:00:00.000,61020,256604,74,5,6964,4498,2132,93.517836564,0.0002127944401,168464.833721112,0.3833320069,395436548,400980
2023-03-30 00:00:00.000,68270,358280,150,3,8712,5889,2083,130.90552663,0.0002211540861,235224.506017754,0.3973923943,773817245,870395
2023-03-31 00:00:00.000,61925,275260,55,3,7277,4461,2043,86.176749551,0.0001884093687,155957.110343841,0.3409710955,438588439,443590
2023-04-01 00:00:00.000,50257,204369,77,5,6084,3646,1926,52.612848522,0.0001606685616,96032.305649273,0.2932624416,276703128,284245
2023-04-02 00:00:00.000,61343,258323,71,8,6328,4961,1918,68.763924485,0.0001641711917,124684.320733272,0.2976789599,457698887,465283
2023-04-03 00:00:00.000,59643,284632,45,6,6576,4321,1956,107.017383661,0.0002236985444,193083.432049447,0.4036024917,570102420,501370
2023-04-04 00:00:00.000,64480,258235,69,5,6985,4321,1933,85.782662066,0.0002070554578,158418.148166117,0.382377294,455316686,413148
2023-04-05 00:00:00.000,73606,270518,115,6,6076,4375,2001,107.641847209,0.000243582087,205023.762943753,0.4639470368,448143495,453025
2023-04-06 00:00:00.000,77314,259550,58,6,7864,3650,2048,90.035167839,0.0002199891217,169492.810952978,0.4141334494,308338736,260189
2023-04-07 00:00:00.000,72761,225442,30,13,5988,2892,1919,64.237827613,0.0001842996509,119634.249127332,0.3432331255,233419072,199671
2023-04-08 00:00:00.000,73723,202817,61,7,5176,2637,1822,87.459298122,0.0002706411087,163399.657728456,0.5056370847,157637781,133234
2023-04-09 00:00:00.000,67828,197308,33,3,4453,2320,1830,48.411019507,0.0001567861603,89427.240682846,0.2896231857,203262456,158881
2023-04-10 00:00:00.000,71016,219810,45,2,5401,3187,1897,63.626541442,0.0001824338493,118820.673236657,0.3406897861,286024549,227652
2023-04-11 00:00:00.000,73290,225474,25,3,5731,3761,1896,65.277362569,0.0001862295342,124904.695004083,0.3563401194,272495911,235781
2023-04-12 00:00:00.000,70285,261036,35,11,5763,3731,1933,74.15826788,0.0001781070826,140154.984402987,0.3366124385,389552682,298967
2023-04-13 00:00:00.000,75014,269811,21,1,7300,5520,1962,92.665984047,0.0002195486206,182170.709849186,0.4316074391,472231787,406772
2023-04-14 00:00:00.000,83521,399326,39,6,10244,8238,2049,139.960977663,0.0002111987326,291207.452755072,0.4394270886,798476895,953966
2023-04-15 00:00:00.000,102976,327873,37,8,7105,4686,1916,105.242480169,0.0001738450334,221050.00727685,0.3651419639,471706661,486861
2023-04-16 00:00:00.000,94394,286061,31,3,5206,3334,1840,95.762701561,0.0001755837989,201165.714536849,0.3688433992,374209696,343834
2023-04-17 00:00:00.000,184037,426716,33,4,5677,3362,1962,175.582699313,0.0001944424503,367100.531956887,0.4065316642,411615804,368320
2023-04-18 00:00:00.000,117998,354283,51,9,6513,4590,1992,214.689300711,0.0002923329258,449823.887339202,0.6125052932,500269272,478251
2023-04-19 00:00:00.000,108980,394388,34,2,5666,4209,2126,295.84335804,0.0003966893204,600206.894299338,0.804803145,713794154,636501
2023-04-20 00:00:00.000,137503,392016,16,3,5368,3407,2159,519.412230458,0.0005984873749,1018024.26149921,1.173007935,575853844,483437
2023-04-21 00:00:00.000,116803,358976,36,1,4993,3302,2147,165.355148071,0.0002298530683,316296.431973442,0.4396700449,579810061,484508
2023-04-22 00:00:00.000,112165,299618,11,1,5350,2810,2154,139.32506279,0.000256068942,259566.017897585,0.4770627355,282108401,265969
2023-04-23 00:00:00.000,105776,274496,19,6,4725,3397,2070,109.681440334,0.000234548488,204782.912157673,0.4379184141,274895470,241169
2023-04-24 00:00:00.000,131525,354346,21,0,4282,3160,2134,176.35273011,0.0002878180354,326494.474701375,0.5328581997,299592929,241811
2023-04-25 00:00:00.000,104658,295583,30,2,4440,3130,2056,113.370169396,0.0002212182879,207354.845220457,0.4046098201,311094455,237271
2023-04-26 00:00:00.000,86728,312290,32,1,5674,3704,2141,143.464107837,0.0002702943042,274187.321015632,0.516584059,607742274,432513
2023-04-27 00:00:00.000,74618,278738,21,1,4786,2468,2095,101.07131326,0.0002286045134,191292.633890551,0.4326683613,502843835,328134
2023-04-28 00:00:00.000,72500,220681,27,1,3846,2116,2018,89.517364679,0.0002275572079,170340.292004963,0.4330127611,235590702,177318
2023-04-29 00:00:00.000,85009,241805,14,3,3625,2082,1921,103.075535289,0.0002041940746,196115.70649563,0.3885079528,122693481,112679
2023-04-30 00:00:00.000,119486,343975,30,2,3533,2341,2001,166.982897474,0.0002180303413,318608.348753689,0.4160083941,244210075,208816
2023-05-01 00:00:00.000,89633,282247,54,3,3669,2525,2057,279.296722422,0.0004427476395,516000.411309865,0.8179758147,253331654,246936
2023-05-02 00:00:00.000,79350,286677,19,4,3470,2325,2016,186.415157667,0.000354357651,343696.197866182,0.6533340896,213456946,242980
2023-05-03 00:00:00.000,85662,285273,13,2,4098,3107,2121,234.560310663,0.0004437354062,437727.843165601,0.8280827295,320364733,319040
2023-05-04 00:00:00.000,81659,236697,267,2,4081,2771,2041,255.201648542,0.0005470677797,484529.014481137,1.03866967,192080478,210833
2023-05-05 00:00:00.000,70435,248563,73,11,4175,3390,2138,431.293408574,0.0008983838188,829455.220505067,1.727754549,326904222,361410
2023-05-06 00:00:00.000,92962,304765,43,1,4168,3159,2321,658.179354501,0.0009878909091,1281976.52681057,1.924176059,305354522,419606
2023-05-07 00:00:00.000,70151,231447,43,1,3263,2342,2244,526.674227775,0.001028580243,1005975.57342648,1.964642554,219492213,305036
2023-05-08 00:00:00.000,60699,236528,38,3,3681,3536,2310,463.638302281,0.0009320711787,866306.22732533,1.741571096,331614394,357883
2023-05-09 00:00:00.000,81447,236791,17,1,3327,2687,2216,191.306947221,0.0004851984276,352925.486413378,0.8951002227,194318564,248192
2023-05-10 00:00:00.000,76481,257678,29,4,3231,2433,2116,358.280236108,0.0007600699144,664747.563912861,1.410221868,391116041,366361
2023-05-11 00:00:00.000,83299,236816,22,5,3097,2403,2154,250.428634179,0.0006378868445,455387.418038596,1.159953789,261796234,244001
2023-05-12 00:00:00.000,71712,249697,27,0,3384,2414,2181,205.339087509,0.0004831451101,364271.180142488,0.8570985756,293835629,265172
2023-05-13 00:00:00.000,67070,182989,31,0,2666,1549,2031,156.204875584,0.0004916540261,281106.301555885,0.8847806088,136241311,128093
2023-05-14 00:00:00.000,61332,172263,43,0,2224,1342,1897,63.074690637,0.0002366345049,113816.175587085,0.4269990718,131960026,120816
2023-05-15 00:00:00.000,57317,179440,51,3,2654,1736,1965,534.042164707,0.001736942782,975678.026963256,3.173339145,213293643,172213
2023-05-16 00:00:00.000,60832,175702,33,4,2267,1443,1925,89.314599407,0.0003291660502,162374.077823775,0.5984243809,184223215,144742
2023-05-17 00:00:00.000,60241,189353,49,3,2552,1646,1936,107.573857388,0.0003393026122,194916.551072569,0.6147933759,203486290,184181
2023-05-18 00:00:00.000,60102,177638,23,4,2419,1555,1872,101.49907311,0.0003364729132,184367.892692092,0.6111858962,191034346,163046
2023-05-19 00:00:00.000,55810,152095,16,5,2073,1288,1834,66.682991558,0.000280297231,120704.066949038,0.5073709944,148312082,115946
2023-05-20 00:00:00.000,60219,152690,35,1,1971,1193,1806,54.8403106,0.0002221487651,99524.550146756,0.4031570148,66836402,66352
2023-05-21 00:00:00.000,61711,154714,23,0,2435,1398,1777,52.322061591,0.0002129267385,94913.687388224,0.3862550763,98659469,109402
2023-05-22 00:00:00.000,58856,155658,17,1,2291,1469,1782,97.553679992,0.0003769316487,176473.850908729,0.6818664306,123800379,120557
2023-05-23 00:00:00.000,66469,175615,27,1,2586,1878,1889,81.670183823,0.0003001587115,151041.934528046,0.5551175513,164262321,144311
2023-05-24 00:00:00.000,74385,210026,25,0,2835,2077,1936,113.658777759,0.0003402845348,207299.263538429,0.6206360376,176822186,160281
2023-05-25 00:00:00.000,73623,266381,11,2,2589,1752,1925,156.044469466,0.0003939193894,280217.009541027,0.7073811309,168344446,140104
2023-05-26 00:00:00.000,71056,212069,13,1,2340,1576,1896,68.472045496,0.0002237524239,124300.986128642,0.4061898069,135260171,125976
2023-05-27 00:00:00.000,68496,173545,13,5,1843,1158,1792,58.84945151,0.0002252239881,107647.50628718,0.4119800618,86325112,84232
2023-05-28 00:00:00.000,63018,181954,16,1,2339,1634,1869,55.803224884,0.0002052215378,103035.04570696,0.3789209417,208678316,163113
2023-05-29 00:00:00.000,70041,207909,18,2,2974,2159,1952,119.244914812,0.0003721646858,226290.253061328,0.7062543595,189411437,186439
2023-05-30 00:00:00.000,66591,187452,29,2,2372,1788,1887,85.274622517,0.0002997635013,162331.253656378,0.5706385269,171386385,160326
2023-05-31 00:00:00.000,72963,200080,23,3,2448,1789,1880,77.782824883,0.0002486496267,145768.716226113,0.465981236,168550255,144399
2023-06-01 00:00:00.000,59079,166906,25,1,2202,1569,1867,64.043037667,0.0002503597976,119414.212696457,0.4668191768,172068078,125664
2023-06-02 00:00:00.000,61185,180697,16,2,2645,1748,1906,58.395314201,0.0002175317633,110239.609262005,0.4106599462,198396648,165737
2023-06-03 00:00:00.000,61502,160729,21,3,2284,1277,1878,44.015835548,0.000186495134,83675.194113861,0.3545318712,99646337,118296
2023-06-04 00:00:00.000,64389,170939,15,2,2259,1386,1803,41.658653883,0.0001642788567,79172.395328669,0.3122124547,98678811,109343
2023-06-05 00:00:00.000,60807,217114,13,1,3360,2563,1944,104.537069121,0.0002970680801,194489.887902768,0.5526913858,319620509,282400
2023-06-06 00:00:00.000,53535,183807,4,3,2937,2012,1913,49.641288969,0.0001729625477,90632.701269934,0.3157867824,262805891,216912
2023-06-07 00:00:00.000,55865,184469,8,2,2790,1880,2046,47.542933723,0.0001622088719,88613.135266906,0.3023338187,244063239,178666
2023-06-08 00:00:00.000,58453,166227,19,3,2353,1371,2039,40.019298858,0.0001556311254,73788.476588041,0.2869561433,137956640,115886
2023-06-09 00:00:00.000,61396,175426,23,2,2649,1649,1937,35.603361539,0.0001341144443,65587.322455286,0.2470611461,119323924,96734
2023-06-10 00:00:00.000,59235,291722,19,7,4896,4203,2182,102.705227842,0.0002228231973,184416.49479369,0.4000991367,384260891,323972
2023-06-11 00:00:00.000,63854,201700,22,7,2578,1744,1947,34.735039539,0.0001124693678,60901.649431083,0.197194824,132927394,102727
2023-06-12 00:00:00.000,69676,237284,9,7,3097,2090,2020,44.741447854,0.0001194404789,77916.905709262,0.2080047244,175429317,152137
2023-06-13 00:00:00.000,63242,222068,7,1,2671,1902,1891,37.576003471,0.0001152309417,65544.839793054,0.2010004502,193669519,155858
2023-06-14 00:00:00.000,62729,202361,13,2,3033,2342,1975,61.200847133,0.0002131735499,105997.541778924,0.3692084884,230818276,167224
2023-06-15 00:00:00.000,59623,195201,25,1,3611,2881,1987,44.259794827,0.000154234122,72858.468429765,0.2538932219,193502118,143721
2023-06-16 00:00:00.000,66236,192069,7,1,3317,2488,1933,41.608121113,0.0001436506419,69632.011040303,0.2404021814,174357187,134293
2023-06-17 00:00:00.000,55578,157733,10,3,2374,1618,1885,37.684526383,0.0001632035962,65138.769887648,0.2821020328,141429005,105843
2023-06-18 00:00:00.000,52073,154546,13,0,1898,1308,1817,28.71072664,0.0001274050439,49749.100468212,0.220763703,105633852,84549
2023-06-19 00:00:00.000,59085,168485,11,2,2262,1605,1866,32.64193254,0.0001342560113,56282.091216836,0.2314877976,156812629,111282
2023-06-20 00:00:00.000,63242,217853,11,0,3663,2806,2014,43.945518881,0.0001335904659,76516.547672613,0.2326034943,233430834,184409
2023-06-21 00:00:00.000,64156,264680,17,3,5112,4149,2132,58.668623665,0.0001508877398,107517.239221101,0.2765197512,445356351,313531
2023-06-22 00:00:00.000,64891,232215,12,1,3619,2727,2056,43.385001738,0.0001315542159,82329.631065985,0.2496441079,274158160,207696
2023-06-23 00:00:00.000,58905,217304,6,2,3121,2264,2096,41.892090701,0.0001346718103,78975.198607175,0.2538840337,311327398,212978
2023-06-24 00:00:00.000,51459,168450,9,3,2148,1456,1989,27.802861529,0.0001158940284,52517.087387603,0.2189133235,151466136,115877
2023-06-25 00:00:00.000,57820,212790,12,0,2584,1689,2076,31.415978257,0.000101843857,59718.026278607,0.1935930207,220719866,168834
2023-06-26 00:00:00.000,67445,255521,9,3,3154,2289,2053,46.068188623,0.0001227215271,86639.364477958,0.2307995047,320799601,233715
2023-06-27 00:00:00.000,75404,250557,16,0,3598,2566,2103,44.329702587,0.0001265315691,83286.259190886,0.2377264102,294960472,230974
2023-06-28 00:00:00.000,65858,225769,12,3,4055,3137,2087,52.468588975,0.0001647230963,97464.726549607,0.3059867218,253739000,187806
2023-06-29 00:00:00.000,74987,215841,16,9,3138,2460,2125,64.941507358,0.0002173323272,120211.909424533,0.4022994707,173048091,137405
2023-06-30 00:00:00.000,76333,306116,15,3,6216,5394,2135,102.124061594,0.0002439191306,192282.30694422,0.4592584001,542272990,370427
2023-07-01 00:00:00.000,69159,189295,16,3,2895,1981,1995,31.423976604,0.0001230739392,60419.119376502,0.2366352012,123395427,105145
2023-07-02 00:00:00.000,69731,210809,7,4,2763,2158,2016,34.081627837,0.0001191469508,65345.846750956,0.2284444401,212926172,147982
2023-07-03 00:00:00.000,82060,231837,9,3,3778,2853,2088,47.288306232,0.0001454483292,92537.690790943,0.2846253881,251353351,221224
2023-07-04 00:00:00.000,69992,198732,6,1,2718,2059,2017,50.642640412,0.0001850135188,98931.120442318,0.3614265481,176364292,151496
2023-07-05 00:00:00.000,54022,154004,6,4,2681,2118,1992,63.179201024,0.0002952423281,121373.584978179,0.5671901387,163218465,123577
2023-07-06 00:00:00.000,57971,197844,12,2,4098,3334,2012,67.388116047,0.0002385369374,128654.361433447,0.4554039965,312903618,210615
2023-07-07 00:00:00.000,56758,169479,10,0,3040,2262,2039,47.459566559,0.0001999796334,88463.940930338,0.3727591244,185033441,134777
2023-07-08 00:00:00.000,60804,156002,6,2,2469,1668,2052,31.517375525,0.000142446908,58666.133119346,0.2651492749,91429116,72081
2023-07-09 00:00:00.000,57820,152528,13,1,2133,1445,1987,29.85143318,0.0001304501655,55761.290830659,0.2436757249,109949096,76709
2023-07-10 00:00:00.000,58956,181044,1,1,3060,2253,2112,40.469385136,0.0001539169556,75601.06241616,0.2875330408,180600048,128951
2023-07-11 00:00:00.000,60110,162595,1,0,2453,1738,2062,38.262735644,0.000165200444,71747.328296481,0.3097711205,129642627,90374
2023-07-12 00:00:00.000,55694,165323,8,6,2943,2346,2045,47.506031961,0.000195624465,89600.650660517,0.3689653425,182942880,119188
2023-07-13 00:00:00.000,62135,219184,12,5,4987,4460,2184,76.881287204,0.0002360501175,147309.647798966,0.4522876883,362034890,246777
2023-07-14 00:00:00.000,65843,281370,19,4,5661,4683,2213,83.220667309,0.0002030059553,165732.280458226,0.4042822654,428446252,384576
2023-07-15 00:00:00.000,67760,217220,3,3,2977,1898,2125,37.503958356,0.0001188978802,72606.17461122,0.2301815763,153823027,146050
2023-07-16 00:00:00.000,60848,194332,2,0,2180,1492,2079,35.784024648,0.0001269319641,69132.656453498,0.2452251794,159015653,127096
2023-07-17 00:00:00.000,57189,228464,10,2,3317,2524,2110,51.678751495,0.0001526072056,99044.826176402,0.2924790889,273768692,214554
2023-07-18 00:00:00.000,58112,199348,5,1,3351,2521,2040,57.236564621,0.0001930426433,108752.688276313,0.3667918673,231123087,181192
2023-07-19 00:00:00.000,59099,191399,7,5,3366,2605,2054,50.990811327,0.0001774105614,97258.710752574,0.3383888592,206968210,157792
2023-07-20 00:00:00.000,54916,184282,29,1,3260,2424,2107,54.759934049,0.000202569986,104271.186591948,0.3857238541,206267557,173167
2023-07-21 00:00:00.000,52267,156061,6,0,2327,1654,2015,46.022781775,0.0001979849166,87119.890231269,0.3747801314,120107792,114744
2023-07-22 00:00:00.000,50135,139852,23,2,1952,1439,2034,31.236096355,0.0001511231457,59039.992283118,0.2856409858,82280978,75882
2023-07-23 00:00:00.000,53834,156253,133,3,2179,1659,2110,38.257964954,0.000163502564,71837.189577412,0.3070096567,112045152,97415
2023-07-24 00:00:00.000,54029,175679,117,5,3170,2559,2105,64.24641855,0.0002473070649,119536.552339402,0.4601382392,184916394,175582
2023-07-25 00:00:00.000,54189,159590,12,2,2601,2101,2054,44.242745966,0.0002005918815,82053.596084393,0.3720222346,103411765,92421
2023-07-26 00:00:00.000,57090,179556,8,4,3053,2521,2063,44.667407095,0.0001837998498,83062.931768268,0.3417918204,167744725,134682
2023-07-27 00:00:00.000,50752,166049,8,3,2737,2243,2012,45.850069538,0.0002097048108,85861.458973369,0.3927052061,112177943,99380
2023-07-28 00:00:00.000,50132,171699,8,6,2337,1768,1966,46.714623075,0.0001973846193,87276.801369248,0.3687731395,91950983,80281
2023-07-29 00:00:00.000,49523,163066,5,7,1981,1237,1899,33.164761155,0.0001439342804,62157.568537498,0.2697623799,48674836,44310
2023-07-30 00:00:00.000,51190,184793,5,4,2324,1749,1993,44.691684548,0.0001454774291,83785.689450693,0.2727336599,111928153,96990
2023-07-31 00:00:00.000,58929,207945,35,15,2750,2084,2035,57.350928189,0.0001717366175,106933.482409906,0.3202109389,129857123,112084
2023-08-01 00:00:00.000,56494,219075,146,71,3797,3001,2174,60.119473911,0.0001625492057,110656.584145674,0.2991899078,225459306,177759
2023-08-02 00:00:00.000,52662,210825,124,67,3192,3305,2209,161.550342344,0.0004271919949,299566.302972598,0.7921513797,169189360,123858
2023-08-03 00:00:00.000,60024,229755,78,36,3241,2496,2240,89.849724857,0.0002647724154,165068.63599843,0.4864302204,150037333,134700
2023-08-04 00:00:00.000,61083,215822,71,42,3165,2409,2246,57.41511915,0.0001804417432,105431.399876138,0.3313452251,204198748,146353
2023-08-05 00:00:00.000,55491,185191,61,50,2195,1573,2169,36.272430451,0.0001285905283,66369.117394528,0.235287235,65870356,58073
2023-08-06 00:00:00.000,51468,168986,172,59,1932,1426,2128,34.541253985,0.0001073619994,63234.830611477,0.1965481001,71672875,66921
2023-08-07 00:00:00.000,56314,202524,122,53,3855,3272,2309,61.452678145,0.000160305619,112296.953458598,0.2929381304,158577584,120794
2023-08-08 00:00:00.000,60756,265005,120,41,3972,2880,2303,73.032395106,0.0001746697578,134201.671404762,0.3209667902,181179116,173848
2023-08-09 00:00:00.000,60262,230130,214,77,3588,2685,2364,68.416378473,0.0001980924513,127021.405158444,0.3677771622,164912578,221414
2023-08-10 00:00:00.000,60828,205859,501,147,3133,2410,2435,69.15740203,0.0002037583035,128115.69470849,0.3774669932,126167079,161059
2023-08-11 00:00:00.000,62011,194277,878,224,2949,2358,2339,48.494157951,0.0001704863417,89526.196338734,0.3147388128,90684458,137962
2023-08-12 00:00:00.000,51680,170182,1003,246,1913,1286,2268,35.779107617,0.000142296235,66134.943119466,0.2630237038,43460587,56605
2023-08-13 00:00:00.000,53788,181907,1625,374,1904,1448,2277,49.967660622,0.00007324724723,92393.41855846,0.1354388716,73636887,77343
2023-08-14 00:00:00.000,51105,183460,1836,516,2445,1922,2359,55.019610755,0.0001352537704,101489.20417663,0.2494891791,98765325,89461
2023-08-15 00:00:00.000,62720,224541,2205,665,2987,2302,2506,83.809199776,0.0001743170554,154058.326716432,0.320430143,125080615,138580
2023-08-16 00:00:00.000,55589,236928,1692,834,4031,3680,2479,86.741598261,0.0001603004113,158011.030755873,0.2920079146,172368759,186234
2023-08-17 00:00:00.000,51755,259276,913,510,5976,5874,2525,204.912295407,0.0003587010783,356687.523685162,0.6243851747,484911515,379806
2023-08-18 00:00:00.000,57057,227000,672,320,6078,5315,2809,77.82152534,0.0001399700449,130350.750862508,0.2344492782,264075374,216370
2023-08-19 00:00:00.000,60186,171271,470,433,2835,2406,2379,48.457384841,0.00009735852986,80815.800630629,0.1623716914,101209077,96018
2023-08-20 00:00:00.000,54032,158881,570,209,2549,2241,2306,43.388753154,0.00008266020166,72512.088363471,0.1381432609,89324867,75610
2023-08-21 00:00:00.000,66891,198453,709,206,3348,2783,2346,54.559658849,0.0001356601385,91210.36402847,0.226790469,139434321,125415
2023-08-22 00:00:00.000,62725,203428,415,183,3877,3299,2417,128.632504615,0.0001132991625,211965.531911539,0.1866986677,217208442,173356
2023-08-23 00:00:00.000,67443,205715,429,170,3752,3108,2423,59.995579536,0.0001320592627,99044.223721376,0.2180111812,206984762,159562
2023-08-24 00:00:00.000,57342,174632,549,180,3318,2787,2314,60.030984899,0.00008156550052,99847.782117974,0.1356655124,124534964,104954
2023-08-25 00:00:00.000,44907,159230,510,232,4199,3713,2311,48.542248246,0.0001407682687,80202.051379177,0.2325789251,143686465,127565
2023-08-26 00:00:00.000,44229,121086,500,180,2228,1795,2066,297.959724564,0.001396334943,491631.255122458,2.303941923,45027745,47446
2023-08-27 00:00:00.000,44519,125122,426,193,2182,1814,2158,439.476562343,0.001367901202,725727.595502848,2.258877345,55704926,87772
2023-08-28 00:00:00.000,44191,145128,404,189,3292,3049,2212,238.900882493,0.0008619601764,393827.96221467,1.420940836,124430262,113733
2023-08-29 00:00:00.000,44278,182977,412,181,3952,3547,2299,348.817310236,0.000948030272,584638.41690091,1.588954737,316549161,233176
2023-08-30 00:00:00.000,49103,152498,395,190,2163,1824,2508,264.252850259,0.0008183254942,454987.98442527,1.408984867,129907601,110505
2023-08-31 00:00:00.000,57434,217839,312,497,2985,2368,2380,425.779656693,0.0008507850989,724137.965738043,1.446959199,202802857,176580
2023-09-01 00:00:00.000,46522,170143,399,215,3366,2840,2375,256.758530037,0.0007018712209,422254.56236198,1.154268663,158922906,132305
2023-09-02 00:00:00.000,40523,125840,316,125,2186,1887,2145,140.711787032,0.0005486887828,229766.460366857,0.8959468295,60190648,66930
2023-09-03 00:00:00.000,42119,127614,288,130,1704,1357,2165,178.590959626,0.00051551817,291807.350255686,0.8423270221,63495377,54822
2023-09-04 00:00:00.000,41134,136784,355,151,2212,1824,2160,140.382853113,0.0003640152706,228807.640944185,0.5933023406,92350430,88163
2023-09-05 00:00:00.000,48453,157881,443,122,3361,2897,2254,90.281755169,0.0002644433563,147041.074993837,0.4306964936,104580964,85889
2023-09-06 00:00:00.000,47771,171229,332,149,2296,1820,2280,87.269710614,0.0002469592266,142260.92667959,0.4025755119,151563888,135763
2023-09-07 00:00:00.000,47090,153967,292,195,2225,1944,2240,54.380706787,0.000187046258,88814.541715479,0.3054838502,109929861,93464
2023-09-08 00:00:00.000,52524,155167,273,118,2038,1796,2184,57.837181202,0.0001955359284,95121.804125445,0.3215877727,99848997,76812
2023-09-09 00:00:00.000,48833,125677,173,100,1314,1053,2108,59.106382923,0.000231000711,96606.212514045,0.3775582716,40780371,40669
2023-09-10 00:00:00.000,38238,149995,339,163,2176,1926,2199,74.784534753,0.0002357727877,121505.920015379,0.3830710397,102794792,87284
2023-09-11 00:00:00.000,40409,188870,534,280,3825,3559,2256,102.076640969,0.0002766499563,161980.249491107,0.4390017982,202630750,150553
2023-09-12 00:00:00.000,57038,200098,281,146,3255,2739,2283,114.32762355,0.0002578640204,180643.631376714,0.407438654,182026708,142065
2023-09-13 00:00:00.000,36005,156383,246,188,2364,1989,2194,105.359647853,0.0003807886423,168779.783401036,0.6100003737,148139606,112175
2023-09-14 00:00:00.000,43397,160082,180,139,2380,1928,2268,120.940093741,0.0003461166898,196928.825427908,0.5635877323,146814797,105027
2023-09-15 00:00:00.000,47159,162097,158,105,2073,1535,2252,162.272739475,0.0004898045568,262855.212608704,0.793403016,108308688,90582
2023-09-16 00:00:00.000,33390,114824,183,100,1525,1085,2036,149.770115887,0.0005026618736,245075.970645447,0.8225295537,65054993,68695
2023-09-17 00:00:00.000,35080,125202,194,145,1895,1453,2105,35.418630944,0.0001858972484,57715.532910026,0.3029241524,67920252,64480
2023-09-18 00:00:00.000,36493,161492,171,135,2969,2342,2184,76.716611688,0.0002708116649,125366.512605757,0.4425470998,158264685,120271
2023-09-19 00:00:00.000,42514,158261,248,143,2884,2345,2259,74.480149686,0.0002378653154,122142.00324704,0.3900817365,129130945,104926
2023-09-20 00:00:00.000,38405,152175,213,99,2717,2249,2179,63.142363656,0.0001997209062,103170.573620138,0.3263311549,136190101,102901
2023-09-21 00:00:00.000,37286,141653,179,113,2842,2488,2258,61.449368269,0.0002113637774,98890.889969521,0.3401491771,118522498,97105
2023-09-22 00:00:00.000,38853,131420,180,92,1877,1437,2233,52.252711907,0.0001863978108,83225.755641934,0.2968860005,72202265,57001
2023-09-23 00:00:00.000,37279,114274,169,77,1621,1206,2068,46.93034555,0.0001668059213,74772.087630768,0.2657646523,38436993,38219
2023-09-24 00:00:00.000,37256,122241,209,61,1525,1186,2000,50.6387171,0.000145692321,80663.639416572,0.2320768282,66363334,49905
2023-09-25 00:00:00.000,34923,124785,175,92,2117,1769,2132,49.402031455,0.0001550276197,78016.554050734,0.2448223345,95758707,72325
2023-09-26 00:00:00.000,42476,132004,181,94,1792,1435,2108,68.205641291,0.0002221588053,108298.094642358,0.3527475861,75894925,65416
2023-09-27 00:00:00.000,50632,167217,189,92,2564,2086,2236,55.640627848,0.0001460364768,89042.610095452,0.2337045711,124838147,95074
2023-09-28 00:00:00.000,49613,192372,157,72,3934,3590,2348,62.349310062,0.0001550449475,101487.923055709,0.2523715128,170741459,128747
2023-09-29 00:00:00.000,42604,161416,154,127,3151,2399,2249,45.356175663,0.0001507385538,75527.648354774,0.2510116498,147624005,112964
2023-09-30 00:00:00.000,70416,186568,160,76,2348,1825,2148,57.64327369,0.000171561447,96549.959454619,0.2873579117,89514860,79231
2023-10-01 00:00:00.000,39111,161648,224,119,2826,2222,2314,47.170809928,0.0001566329961,79135.629742462,0.2627737535,163094252,137081
2023-10-02 00:00:00.000,39390,187455,193,110,4045,3366,2295,61.41578755,0.0001698844793,105036.569396971,0.2905455359,260393313,194300
2023-10-03 00:00:00.000,50661,162768,219,112,2683,1996,2271,50.047256602,0.0001613313925,82897.319275182,0.267226235,120338681,102196
2023-10-04 00:00:00.000,37375,156617,237,92,3078,2497,2288,37.132839541,0.0001238851507,60934.182379936,0.203292839,143585090,117833
2023-10-05 00:00:00.000,39493,150623,162,73,3282,2648,2283,32.029799792,0.0001152030896,52429.809512337,0.1885767654,125898709,100022
2023-10-06 00:00:00.000,38672,142015,201,58,3321,2569,2243,34.569934611,0.0001157466447,56257.556382362,0.1883608824,132545237,97651
2023-10-07 00:00:00.000,36113,109872,246,102,2248,1701,2149,28.011102575,0.0001144295805,45933.267477637,0.1876443283,47334222,46489
2023-10-08 00:00:00.000,36233,118782,185,115,2770,2193,2194,27.939395189,0.0001206900962,45476.580158819,0.1964456566,84286801,63821
2023-10-09 00:00:00.000,37089,153618,197,62,4269,3649,2286,46.312319993,0.0001697423022,74215.346592236,0.2720115035,159833543,120318
2023-10-10 00:00:00.000,35620,133499,223,83,3380,2668,2208,34.816014552,0.0001518254921,54931.211861342,0.2395437382,119463004,83933
2023-10-11 00:00:00.000,37619,144358,185,142,3674,2995,2174,57.067017624,0.0001758987816,89156.450980018,0.274808668,138656401,97479
2023-10-12 00:00:00.000,42064,153025,191,157,3647,3070,2302,59.760252557,0.0001887581138,92381.068058701,0.2917938833,147453418,108008
2023-10-13 00:00:00.000,33493,129726,141,80,3083,2436,2145,36.942055511,0.0001284739972,57028.046761981,0.198327381,134744486,83404
2023-10-14 00:00:00.000,32161,99789,153,93,2052,1546,2075,23.16038539,0.00009249466004,35939.428139547,0.1435297873,41580617,34109
2023-10-15 00:00:00.000,43297,128949,784,689,2314,1726,2278,23.707092356,0.00008278107414,36871.721653886,0.1287496871,65143990,47305
2023-10-16 00:00:00.000,35270,169822,561,484,4151,3479,2254,68.732620182,0.000177025022,108548.897536066,0.2795742535,287825856,184635
2023-10-17 00:00:00.000,44339,149429,526,429,3474,2729,2231,31.463349536,0.0001001003746,49747.966030185,0.1582727239,116101250,86977
2023-10-18 00:00:00.000,36932,136052,424,342,3172,2504,2173,32.746302603,0.0001076780756,51465.894169783,0.1692327989,116650636,87798
2023-10-19 00:00:00.000,39421,140265,378,313,3406,3301,2262,36.974447497,0.0001206710274,57485.55277793,0.1876117477,111946855,80175
2023-10-20 00:00:00.000,45107,168768,278,194,3994,3486,2344,43.508485142,0.0001206574832,69534.059736414,0.1928314584,210402241,147150
2023-10-21 00:00:00.000,36605,146497,323,229,3565,3023,2315,27.757716916,0.00009474334904,44720.983275796,0.1526428035,140868926,114215
2023-10-22 00:00:00.000,35110,158826,366,276,3864,3247,2280,31.132879943,0.0001003283167,50820.336187214,0.1637727956,185678846,137191
2023-10-23 00:00:00.000,39094,225715,228,162,7460,6874,2421,139.344514355,0.0003213850299,235506.736442107,0.54317416,470961904,323630
2023-10-24 00:00:00.000,46587,281536,216,133,8653,7929,2507,156.129834951,0.0003033278772,281698.884761723,0.5472824893,578240151,402321
2023-10-25 00:00:00.000,49333,218316,309,191,5384,4472,2374,104.957177577,0.0002605767242,187843.301880522,0.4663577412,319237552,233776
2023-10-26 00:00:00.000,48261,251828,209,133,7362,6488,2403,87.779167393,0.0001933048829,158328.636394324,0.3486669949,439643396,350193
2023-10-27 00:00:00.000,53686,192501,192,133,4413,3585,2244,65.212651886,0.0001697666991,116375.906429003,0.3029589032,246723167,178331
2023-10-28 00:00:00.000,53875,148156,244,185,3110,2428,2182,49.292944833,0.0001458785479,88009.590255251,0.2604573792,107363765,93985
2023-10-29 00:00:00.000,43832,139925,232,201,3130,2681,2210,35.421811141,0.0001217553988,63375.269782651,0.2178398279,131187116,97786
2023-10-30 00:00:00.000,35789,158097,158,121,4119,3487,2237,53.472477906,0.0001584674912,96680.000401286,0.286514441,231983423,169174
2023-10-31 00:00:00.000,42542,182350,129,112,4419,3697,2288,76.43804868,0.0002139132478,137622.263890278,0.3851383696,237087914,185847
2023-11-01 00:00:00.000,41682,225521,130,80,6476,5757,2349,73.90053583,0.0001732578471,133728.057448495,0.3135218855,415168677,298193
2023-11-02 00:00:00.000,43154,211583,128,94,5965,5097,2391,78.73516156,0.0001711087143,144221.473167762,0.313424782,314803397,243857
2023-11-03 00:00:00.000,44147,215093,127,125,5096,4261,2356,65.542051544,0.0001565564664,117888.167627179,0.2815925733,307690979,238464
2023-11-04 00:00:00.000,45390,190330,186,123,3854,3165,2384,48.774541388,0.0001485004929,89519.247006839,0.2725530969,178196422,155093
2023-11-05 00:00:00.000,44521,200373,143,86,4928,4193,2455,56.276552372,0.0001465111709,105804.252799715,0.2754522854,302466015,226359
2023-11-06 00:00:00.000,39707,176705,130,83,4896,4342,2332,112.323689288,0.0003143539312,212628.670314035,0.5950717861,295918855,220314
2023-11-07 00:00:00.000,53473,215792,124,81,3835,2946,2430,97.416154364,0.0002284576142,183211.774615375,0.42966308,331057063,251003
2023-11-08 00:00:00.000,57726,182287,88,66,3527,2859,2519,111.269943696,0.000300955701,210052.699670882,0.5681368695,242107745,190444
2023-11-09 00:00:00.000,52362,300849,71,38,7508,6845,2641,231.692366054,0.0004419585801,453519.334467719,0.8650986847,711986339,553125
2023-11-10 00:00:00.000,49395,235784,102,71,5924,5138,2548,118.404432747,0.0002486939493,248575.911554273,0.5221031318,445962410,359455
2023-11-11 00:00:00.000,55916,216646,119,89,4279,3325,2470,77.879453645,0.0001969388131,160813.992615752,0.4066607475,358978869,294747
2023-11-12 00:00:00.000,44294,187253,138,110,3463,2758,2419,66.423467374,0.000174927953,136086.041166371,0.3583861781,300990066,253214
2023-11-13 00:00:00.000,32499,227415,80,51,4277,3511,2270,134.347481217,0.0003522325466,277093.252192038,0.7264837493,623393401,476656
2023-11-14 00:00:00.000,38263,205998,108,64,3724,2923,2425,96.554018365,0.0002642159458,196990.59239185,0.5390563393,526372319,386474
2023-11-15 00:00:00.000,38148,181361,137,103,3405,2731,2442,73.648435172,0.0002249665832,147696.092361452,0.4511526304,415781817,305623
2023-11-16 00:00:00.000,38377,241208,76,70,3524,2833,2433,97.770653971,0.0002491765632,198347.457023178,0.5055048283,632855362,466473
2023-11-17 00:00:00.000,39882,209101,157,81,3621,2707,2404,87.782761255,0.0002313293012,171282.266479267,0.4513711627,424529457,318560
2023-11-18 00:00:00.000,43267,165191,160,101,2776,1919,2305,50.313038208,0.0001541533665,97642.242066181,0.2991646074,201281498,168489
2023-11-19 00:00:00.000,44353,169930,157,123,2645,1993,2309,48.568667247,0.0001611446235,95339.581552543,0.3163245329,185240967,160938
2023-11-20 00:00:00.000,42783,200890,113,90,3351,2506,2370,153.10971773,0.0003788672261,309300.686126874,0.7653589511,406727824,302843
2023-11-21 00:00:00.000,48143,243741,92,112,3751,3116,2390,162.045143107,0.0002968746038,324383.829176306,0.5942869926,500575367,379787
2023-11-22 00:00:00.000,54412,199247,120,71,3509,2683,2495,112.031409319,0.0003087872455,225785.441324004,0.6223224801,389042311,296901
2023-11-23 00:00:00.000,54889,166376,131,60,2789,2082,2372,73.510267133,0.0002035077824,151523.518506639,0.4194817464,244962131,198091
2023-11-24 00:00:00.000,54191,182332,67,58,3330,2734,2398,71.727954659,0.000180211483,150225.715915068,0.3774316328,302882911,222665
2023-11-25 00:00:00.000,52294,146569,142,81,2661,2081,2365,47.313892974,0.0001488082886,98406.411149114,0.3095008402,121978414,117562
2023-11-26 00:00:00.000,43657,161188,141,112,2680,2074,2314,49.850665145,0.0001642520623,103362.131459747,0.3405660326,227033594,196647
2023-11-27 00:00:00.000,40403,160764,92,59,3333,2732,2334,64.933369762,0.0002025983213,131743.195087184,0.4110513633,295711031,229957
2023-11-28 00:00:00.000,37844,145544,110,68,2690,2089,2369,69.409024013,0.0002602395993,141207.541233434,0.5294382751,289374374,207654
2023-11-29 00:00:00.000,34813,134833,71,48,2739,2168,2224,63.115933443,0.0002275103938,129205.653491518,0.465740226,236648717,181531
2023-11-30 00:00:00.000,35955,117069,59,49,2284,1792,2207,68.296611368,0.0003129598923,138962.122882319,0.6367749458,184846733,136849
2023-12-01 00:00:00.000,33602,129932,60,45,2766,2229,2259,70.982415673,0.0002804166035,147829.314744258,0.5840008958,264820496,195369
2023-12-02 00:00:00.000,35067,137801,74,48,3240,2753,2347,62.598818966,0.0002561033064,131953.448996468,0.539845881,257128530,205398
2023-12-03 00:00:00.000,38984,137554,104,82,2904,2444,2403,52.946460955,0.0002254518321,114453.370207761,0.487354991,200950991,170487
2023-12-04 00:00:00.000,39756,211676,65,35,5051,4307,2398,169.634128424,0.0004636953359,378797.866785915,1.035444964,469309704,445460
2023-12-05 00:00:00.000,35479,199504,58,51,4144,3499,2367,255.475233754,0.0006693861324,570053.109834291,1.493630677,485195403,403799
2023-12-06 00:00:00.000,35186,177912,72,56,3703,2883,2346,138.196775744,0.0004644817001,313308.215944532,1.053034212,398192879,321329
2023-12-07 00:00:00.000,39992,222811,69,102,4548,3857,2572,144.394490305,0.0003855815061,329364.094197776,0.8795121145,477428271,407611
2023-12-08 00:00:00.000,40889,179959,72,63,3476,2788,2477,86.530115375,0.0002908311359,204159.627670254,0.6861885734,323730226,292780
2023-12-09 00:00:00.000,43358,202015,124,131,3407,2667,2489,76.004844537,0.0002366867356,179256.021770309,0.5582212935,348051677,319109
2023-12-10 00:00:00.000,46949,164153,132,94,2691,1888,2478,82.722495877,0.0003010466291,194060.142475778,0.7062305255,199735589,202767
2023-12-11 00:00:00.000,46319,282302,97,83,4343,3508,2587,141.072849178,0.0003135913884,320471.639593206,0.7123776616,711658774,591016
2023-12-12 00:00:00.000,41051,237756,85,70,3786,3129,2479,106.446230196,0.0002786638067,235256.369598387,0.6158737175,448646460,377735
2023-12-13 00:00:00.000,40623,218186,94,59,3679,2897,2403,106.833549316,0.0003040347348,234312.163469126,0.6668227063,457570922,374538
2023-12-14 00:00:00.000,36159,182006,50,40,3506,2775,2419,101.683950954,0.0003334862221,231255.404561888,0.7584332678,395927031,342975
2023-12-15 00:00:00.000,30212,124492,85,42,2361,1806,2429,173.904107644,0.0007160083483,393544.811783645,1.620326135,257244194,241833
2023-12-16 00:00:00.000,33306,137381,72,58,2760,2230,2332,136.304189758,0.0004997770313,305827.607919057,1.121356682,229600551,354193
2023-12-17 00:00:00.000,40630,162486,85,76,2820,2259,2365,133.250685442,0.0003930779852,295825.634707854,0.8726600098,238346255,234213
2023-12-18 00:00:00.000,40295,187323,55,60,3171,2669,2469,349.349884081,0.0008617199479,757194.785707327,1.867725971,366202251,310968
2023-12-19 00:00:00.000,38755,172362,76,45,2887,2268,2423,343.329308433,0.0009296205166,763131.427797212,2.066303734,306060393,258877
2023-12-20 00:00:00.000,38912,184905,59,38,2676,2163,2352,198.687594888,0.0005971059287,440225.654828533,1.322988225,390020771,314501
2023-12-21 00:00:00.000,49538,233840,92,75,3262,2520,2509,221.458655949,0.0004860205285,492264.88050218,1.080340872,418146640,357191
2023-12-22 00:00:00.000,68369,423873,152,102,5775,5091,2823,291.505413429,0.0003975899722,662738.588516925,0.9039222082,705719947,704326
2023-12-23 00:00:00.000,65367,328096,241,173,3760,2850,2695,201.476326431,0.0003391240758,462825.008864672,0.7790250407,363120066,456151
2023-12-24 00:00:00.000,54499,289178,143,78,3445,2725,2565,99.841002453,0.0002072017716,229344.358107651,0.4759623415,415524250,417419
2023-12-25 00:00:00.000,53473,224749,157,112,2761,2013,2555,96.614692208,0.0002610932691,219750.02691899,0.593856396,321143323,336347
2023-12-26 00:00:00.000,61971,279060,270,178,3681,2796,2616,87.310260415,0.0001923718232,195420.087706002,0.4305716004,416690747,486492
2023-12-27 00:00:00.000,65872,345801,198,168,5262,4398,2790,173.370116575,0.000284157406,394480.389394397,0.6465619704,593914508,704506
2023-12-28 00:00:00.000,66576,352189,144,109,5037,4058,2892,151.689568182,0.000262655913,361784.843108859,0.6264433963,678889310,736554
2023-12-29 00:00:00.000,57366,303103,168,102,4069,3030,2698,99.785786486,0.0002007443213,234203.760139011,0.4711600372,593478728,573700
2023-12-30 00:00:00.000,56576,225147,206,158,3287,2371,2613,91.751704544,0.000238367504,210265.012933568,0.546260656,304813037,326602
2023-12-31 00:00:00.000,59736,259662,157,109,3454,2719,2593,73.758846056,0.0001848092397,169211.894256756,0.4239752003,319036756,310776
2024-01-01 00:00:00.000,53406,243667,199,135,3388,2440,2541,123.524442867,0.0002903089895,283147.027620317,0.6654563709,315206188,326147
2024-01-02 00:00:00.000,56877,306575,151,101,5121,4064,2652,150.193588722,0.0002918148251,357006.582595875,0.693636888,574366446,488668
2024-01-03 00:00:00.000,63315,491951,108,82,6193,5232,2804,368.324455315,0.0004660205341,853181.51195339,1.079483315,1221802731,1065820
2024-01-04 00:00:00.000,66206,370614,152,113,5384,3996,2732,178.65942507,0.000295287264,398238.411165332,0.6582061417,902696140,534383
2024-01-05 00:00:00.000,56691,331417,178,134,4451,3282,2641,93.495264078,0.0001925351556,209852.948261444,0.4321509805,597440675,481427
2024-01-06 00:00:00.000,49407,237116,165,128,3752,2780,2589,68.39229476,0.0001816002665,153218.165284525,0.4068361757,296266338,270773
2024-01-07 00:00:00.000,47949,234486,105,76,3169,2262,2463,114.406115941,0.0003012685148,256208.970404911,0.674681553,339472459,303761
2024-01-08 00:00:00.000,54928,336912,147,96,5006,4018,2750,108.209032683,0.0002012741949,242809.339658418,0.4516374756,605617867,466659
2024-01-09 00:00:00.000,67063,357748,192,152,4645,3435,2655,145.73386228,0.0002695086951,332209.825980116,0.6143626148,846399658,680173
2024-01-10 00:00:00.000,54077,465009,116,95,6712,5512,2758,182.25385201,0.0002616056463,441318.541390407,0.6334649225,1170661974,916662
2024-01-11 00:00:00.000,69377,365201,101,83,6888,5352,2858,172.922638853,0.0002934513075,451885.67568641,0.7668541449,644495741,566181
2024-01-12 00:00:00.000,60897,410340,87,54,6294,4736,2751,149.390277019,0.0002273364403,392474.227999565,0.5972523492,854059304,689694
2024-01-13 00:00:00.000,50125,235498,134,122,3877,2628,2685,55.373618193,0.0001477567581,140826.577996031,0.3757760338,331808780,275093
2024-01-14 00:00:00.000,39143,179738,96,65,3236,2173,2517,74.158469619,0.0002509966615,188858.293669507,0.6392095394,252077566,224821
2024-01-15 00:00:00.000,46591,198254,120,89,3694,2437,2626,123.594856457,0.0003644532869,311931.470470538,0.9198153787,236279531,231066
2024-01-16 00:00:00.000,43443,209728,78,70,3717,2727,2502,186.507671492,0.0005191483297,474636.278843834,1.321160837,310821425,285749
2024-01-17 00:00:00.000,54368,204251,118,103,3585,2603,2499,168.198273351,0.0004839291113,430120.199674336,1.237513809,287636899,260879
2024-01-18 00:00:00.000,55587,225513,83,74,4395,3518,2709,120.085107807,0.0003325876864,300587.531981934,0.832507158,341841292,293447
2024-01-19 00:00:00.000,55215,232976,135,101,4523,3721,2708,137.550889509,0.0003521717489,339233.404344388,0.8685397944,346659319,319972
2024-01-20 00:00:00.000,61675,196082,208,147,2889,1908,2595,127.519669093,0.0003760433049,315631.50509175,0.9307671135,140239317,137306
2024-01-21 00:00:00.000,61663,191661,185,156,2783,1908,2542,99.677879679,0.0003065502512,246388.902380221,0.7577466551,122664843,124059
2024-01-22 00:00:00.000,59017,294719,127,98,4517,3706,2636,155.421643047,0.0003020429623,372600.015067675,0.7241025774,407840250,340654
2024-01-23 00:00:00.000,62255,325505,152,144,5284,4218,2881,91.314926034,0.0001762502963,205811.119457406,0.3972436092,427064023,370200
2024-01-24 00:00:00.000,64166,250427,141,113,3039,2171,2741,60.430058585,0.0001520551419,134869.899750272,0.3393619371,269521253,219523
2024-01-25 00:00:00.000,61008,230891,91,69,2855,2104,2665,109.315514712,0.0002770314821,241494.979445491,0.6120056449,255253555,212258
2024-01-26 00:00:00.000,60008,219264,81,57,2982,2212,2611,64.661271288,0.0001767261517,144637.288800345,0.3953091384,240677201,208890
2024-01-27 00:00:00.000,55413,172800,135,97,2224,1600,2597,45.933650777,0.0001537718505,103999.695916356,0.3481592563,135548360,206901
2024-01-28 00:00:00.000,60884,212495,124,92,2429,1649,2590,58.241476742,0.0001751496937,132511.782428105,0.3985029124,192476019,208172
2024-01-29 00:00:00.000,64626,221508,154,97,3006,1977,2621,75.755936769,0.0002099659834,171515.362187908,0.4753738548,215139392,211664
2024-01-30 00:00:00.000,63733,243963,126,95,4322,2678,2633,176.24838866,0.000432095723,408681.782095397,1.001936253,287537012,219587
2024-01-31 00:00:00.000,62431,235232,125,76,3416,2604,2617,169.476898339,0.0004423321214,391901.823975797,1.022857787,295989381,213433
2024-02-01 00:00:00.000,57856,204302,86,57,3993,2520,2717,100.600867932,0.0003071303948,228811.954553639,0.6985536742,234372142,212933
2024-02-02 00:00:00.000,60883,186758,106,91,4928,2941,2585,68.726853148,0.0002284346645,158244.204208717,0.5259728917,187711890,214134
2024-02-03 00:00:00.000,66633,188938,119,104,4044,2595,2597,60.005762772,0.0002023141258,138496.589681403,0.4669520922,124847483,238653
2024-02-04 00:00:00.000,66122,219416,125,97,3881,2532,2642,62.198773779,0.0001822557191,142886.518004514,0.4186880787,162527579,281246
2024-02-05 00:00:00.000,65310,248489,99,81,4286,2972,2894,75.009776631,0.0001882161359,172811.15192354,0.4336214386,205206144,333663
2024-02-06 00:00:00.000,57279,235036,72,41,3839,2971,2817,115.743067297,0.0002515716121,269645.927904686,0.586084872,251286112,248559
2024-02-07 00:00:00.000,65328,231618,79,54,4282,3132,2828,131.916385769,0.0003395085478,314063.417998567,0.8082939382,249954890,332215
2024-02-08 00:00:00.000,62523,210630,49,31,3921,2962,2794,146.2809274,0.0004466715952,355243.032848144,1.08474136,253040558,370847
2024-02-09 00:00:00.000,66997,217045,48,37,4465,3696,2674,147.52594314,0.0004333683193,365052.150268562,1.072367568,331910298,378336
2024-02-10 00:00:00.000,69208,206473,129,105,3859,2855,2751,95.34592941,0.0002856849673,237875.889772883,0.7127474262,186583799,310494
2024-02-11 00:00:00.000,68900,215712,212,160,4038,3078,2798,91.336379379,0.0002513771505,229493.706057195,0.6316155105,183942457,273658
2024-02-12 00:00:00.000,65762,249534,107,100,5664,4777,2748,176.767647425,0.0004216725129,449627.890059212,1.072570264,314657668,268197
2024-02-13 00:00:00.000,66709,259324,111,75,5985,4663,2819,187.992397072,0.0004425672696,497106.343490547,1.170276035,344980802,273487
2024-02-14 00:00:00.000,60462,227296,117,92,6164,5000,2764,161.89578573,0.0004233089706,439177.216200337,1.148316829,313356222,282129
2024-02-15 00:00:00.000,61497,252973,87,63,6174,4974,2895,145.148383194,0.0003464624943,406300.179985907,0.9698197849,384126087,265683
2024-02-16 00:00:00.000,67128,240853,99,100,5290,4382,2838,190.889096256,0.0004538419386,536173.59370092,1.274761461,298527021,269505
2024-02-17 00:00:00.000,68696,216476,149,139,4471,3608,2716,98.951887152,0.0002666656439,273805.240059087,0.7378783038,200577575,238599
2024-02-18 00:00:00.000,60992,228755,157,121,5278,4283,2747,149.035545629,0.0003650192768,417731.30567951,1.02311149,246157502,265293
2024-02-19 00:00:00.000,58406,234066,147,118,6700,5511,2888,244.818186542,0.0005540803505,711301.737425398,1.609840844,348986179,354524
2024-02-20 00:00:00.000,63946,296876,79,53,6899,5656,2798,225.638153089,0.000459776657,663773.677940888,1.352553362,567367858,460003
2024-02-21 00:00:00.000,60011,255788,103,73,5779,4513,2754,163.837144922,0.000398610156,479069.338047557,1.165559273,485300310,317194
2024-02-22 00:00:00.000,65895,253564,104,65,5698,4750,2682,313.592466382,0.0007186488033,931168.953376088,2.133927073,448418601,325710
2024-02-23 00:00:00.000,61373,228487,174,136,4825,3933,2669,152.695561899,0.0004192088388,450096.851612657,1.235691307,322954852,271358
2024-02-24 00:00:00.000,70069,215846,403,319,4611,3507,2710,96.160240979,0.0002824835962,284302.266871949,0.8351760138,203975636,248711
2024-02-25 00:00:00.000,71619,241593,236,213,6326,4898,2753,106.536951972,0.0002666383485,323089.933271114,0.808622404,302736746,267164
2024-02-26 00:00:00.000,63787,240528,160,108,6434,5288,2768,169.393083979,0.0004279710564,525532.602920251,1.327756352,407737990,287223
2024-02-27 00:00:00.000,55721,244150,122,60,6478,5387,2817,184.304500044,0.0004500566526,595526.590508829,1.454227671,465639779,443585
2024-02-28 00:00:00.000,57526,316020,99,68,7591,6607,2771,257.544145043,0.0005289184497,856382.976245237,1.758753848,911963985,745915
2024-02-29 00:00:00.000,61864,299906,92,65,6102,4991,2854,266.809226668,0.0005586387664,916554.580492084,1.919060021,754051546,630234
2024-03-01 00:00:00.000,57368,225971,107,56,4912,3812,2805,186.821153782,0.0004881852014,635004.713638357,1.659340485,455514728,477970
2024-03-02 00:00:00.000,67125,232185,217,99,4131,3106,2841,152.584779284,0.0004076613222,520904.912888934,1.391703593,351696405,438149
2024-03-03 00:00:00.000,60403,269799,182,134,4678,3673,2783,178.64459529,0.0004195790584,612134.666113278,1.437708689,492204379,544301
2024-03-04 00:00:00.000,50542,259441,106,58,6354,5360,2918,271.82099748,0.0006400245759,959238.296113942,2.258604336,661639631,679989
2024-03-05 00:00:00.000,62118,422633,151,95,9892,8603,3190,557.499425793,0.0008067075097,2044141.39458898,2.957894013,1584450685,1618110
2024-03-06 00:00:00.000,63262,357093,179,106,8948,7432,3152,314.766623602,0.000532275811,1187244.43832668,2.007650904,1584450685,1618110
2024-03-07 00:00:00.000,67191,309300,340,139,6112,4879,3281,261.228315544,0.0004916618808,995772.588022909,1.874159095,759740920,1122024
2024-03-08 00:00:00.000,57417,272699,276,169,5913,4715,3201,220.831498012,0.0004810326306,868881.577681114,1.892666557,782392738,739706
2024-03-09 00:00:00.000,60003,208942,334,192,4450,3404,3104,284.300470582,0.0007419269468,1113244.20500653,2.905186447,300513782,419073
2024-03-10 00:00:00.000,62881,237731,449,198,4956,3698,3132,173.570419839,0.0004350899151,680760.46650621,1.706465963,438740660,568797
2024-03-11 00:00:00.000,60531,284377,371,266,6378,5281,3232,222.581099552,0.0004667385907,887010.49125628,1.860005308,764592842,733158
2024-03-12 00:00:00.000,62458,292152,287,173,6104,4825,3265,207.092686597,0.0004218435205,828969.741517187,1.688594223,746104011,736764
2024-03-13 00:00:00.000,60503,253211,251,171,4748,3656,3288,202.279412925,0.0004679393373,811843.041333815,1.878062079,616924759,622278
2024-03-14 00:00:00.000,92773,449269,641,420,6875,5252,4748,113.236381464,0.0001681332242,444578.97099029,0.6601102478,872721527,888879
2024-03-15 00:00:00.000,112567,659556,679,420,9039,6689,4393,108.645854959,0.0001097814341,406409.974388654,0.4106578189,1051845936,995577
2024-03-16 00:00:00.000,111268,593726,818,732,8894,6725,4597,134.608874493,0.0001556308699,495525.412131632,0.5729120849,625838491,742228
2024-03-17 00:00:00.000,91961,515999,758,525,8147,5978,4639,74.123698049,0.00009542640168,264814.954014087,0.3409211742,507153402,560357
2024-03-18 00:00:00.000,100880,631072,812,551,7844,5595,4663,80.348384291,0.00008671406371,286534.32018474,0.3092352823,587254712,820236
2024-03-19 00:00:00.000,121567,905674,719,497,11474,8258,5404,112.43212117,0.0000825422513,373974.030204784,0.2745537313,846448503,881510
2024-03-20 00:00:00.000,158758,1209847,1754,1013,11668,7863,6161,514.293103099,0.0003083288288,1684792.03396787,1.010065956,1229467039,1743700
2024-03-21 00:00:00.000,160957,930143,1490,867,9475,5988,6438,329.627488572,0.0002569525664,1158635.06471608,0.9031839386,801161530,1144880
2024-03-22 00:00:00.000,160423,908079,1485,863,9460,6218,6067,436.481237289,0.0003216622786,1509407.28993095,1.112348818,720223611,1048273
2024-03-23 00:00:00.000,153719,772899,1662,910,8209,5046,5797,223.266238451,0.0002002127422,750881.717721439,0.6733489526,428751775,688577
2024-03-24 00:00:00.000,163248,875197,1499,916,8364,5456,6074,534.799369421,0.0004386981522,1805816.45149784,1.481318763,462876630,762818
2024-03-25 00:00:00.000,190698,996151,1721,1030,10642,7272,6916,787.808721505,0.0005826892769,2777861.87579457,2.054598132,703028256,1259376
2024-03-26 00:00:00.000,196021,938177,1732,1215,9400,5971,6680,769.550831937,0.0006064670031,2766636.19857126,2.180328439,731193086,2145271
2024-03-27 00:00:00.000,197881,1028865,1810,1274,12351,7126,6922,540.463945715,0.0003940180682,1924868.5613284,1.403299884,849406485,1649881
2024-03-28 00:00:00.000,210478,1049753,2625,1783,12843,7568,8057,327.427833793,0.0002246970271,1163213.63301076,0.7982542052,711659760,1823470
2024-03-29 00:00:00.000,241661,1051027,3033,1932,11674,7400,7842,454.885648836,0.000325435065,1598342.54930353,1.143488947,851980746,2987156
2024-03-30 00:00:00.000,218864,1027795,4916,2339,13088,8768,8248,482.109425133,0.0003683145832,1699197.48679022,1.298126901,727530099,4305321
2024-03-31 00:00:00.000,214606,974924,3715,2378,13299,8550,8240,354.905424838,0.0002769868173,1274168.3272382,0.9944278247,725063714,3149217
2024-04-01 00:00:00.000,202178,1089245,3694,2600,14369,9461,8842,434.073632053,0.000307575513,1537705.48488657,1.089586002,784360507,2980335
2024-04-02 00:00:00.000,201864,1185884,3411,2415,16818,11525,8918,352.058258769,0.0002182091826,1171522.54088503,0.7261212304,979434507,2246563
2024-04-03 00:00:00.000,197134,1133311,3302,2391,13908,9044,8817,459.270773988,0.0002975295469,1527973.71165493,0.9898677465,804199958,1916625
2024-04-04 00:00:00.000,190599,1078494,3043,2229,15173,10145,9296,192.69864162,0.0001313930224,642576.469166628,0.4381456128,711549130,1456283
2024-04-05 00:00:00.000,184987,1155728,4030,2534,16854,11278,9647,153.591213283,0.0001011619225,506880.106784972,0.3338535128,719250385,1325675
2024-04-06 00:00:00.000,190710,1149679,4813,2538,27053,21329,9442,155.782074897,0.0001032188882,519389.43098597,0.34413972,490292414,1196242
2024-04-07 00:00:00.000,206802,1263090,3976,2400,31358,25328,9472,173.405882601,0.0001056783311,588236.052968157,0.3584872867,531114545,1198503
2024-04-08 00:00:00.000,242510,1447339,3784,2533,36935,30322,10330,356.516464128,0.0001896415616,1274927.92118341,0.6781715468,911742869,2059727
2024-04-09 00:00:00.000,205882,1426425,3514,2379,32105,25702,9675,243.40158315,0.0001353193288,876430.437308935,0.487252289,929132416,1935869
2024-04-10 00:00:00.000,206164,1380062,3791,2498,32635,26787,9735,275.351037675,0.0001557051648,963361.027233254,0.5447602043,835955431,1541615
2024-04-11 00:00:00.000,207287,1317416,3552,2343,35032,29193,9961,322.066003487,0.0001951277755,1139958.23227989,0.6906581621,722187098,1580892
2024-04-12 00:00:00.000,199321,1341311,3482,2449,33514,28218,10086,336.477282913,0.0001934989637,1155531.50783819,0.6645148443,948137946,1678578
2024-04-13 00:00:00.000,178145,1348554,3073,2234,33388,27291,9867,347.440598332,0.0001941672786,1109196.6329781,0.6198748583,1092244526,1484963
2024-04-14 00:00:00.000,165698,1379308,3531,2293,29295,22593,9814,135.51936137,0.00007487853253,412926.470889357,0.2281543233,925348074,1062842
2024-04-15 00:00:00.000,172117,1329898,3611,2379,33345,26223,9624,266.694143912,0.000153417273,851272.118978119,0.4896989682,895768077,1111244
2024-04-16 00:00:00.000,175882,1347200,3683,2499,87212,79676,9356,148.716538065,0.00008451906671,456898.238216241,0.2596658931,853202436,958012
2024-04-17 00:00:00.000,178880,1195246,3526,2485,78664,71379,9254,627.069319447,0.0003974977018,1899467.76698845,1.204067953,736794861,1016306
2024-04-18 00:00:00.000,177556,1201778,3391,2389,126591,118865,9327,134.417789611,0.00008457927982,407376.986795241,0.2563325305,681116349,913092
2024-04-19 00:00:00.000,170483,1365038,3274,2300,148899,138284,9201,113.206126392,0.00006377533278,346928.05360669,0.1954439462,896818966,1073566
2024-04-20 00:00:00.000,177047,1136723,3233,2322,131348,117404,9288,78.202440643,0.00005211710163,241196.84656015,0.1607428165,466742063,744575
2024-04-21 00:00:00.000,171128,1108841,3071,2302,114075,99328,9048,89.584354211,0.00006075575057,282760.042175257,0.1917667292,448444828,695854
2024-04-22 00:00:00.000,180950,1226683,3221,2171,108136,93566,9174,153.368942999,0.00009629662793,489281.58948635,0.3072080061,569168851,781508
2024-04-23 00:00:00.000,183645,1138938,3192,2164,83341,71484,9134,159.980137625,0.0001083667761,512866.892275602,0.3474039496,512783141,741777
2024-04-24 00:00:00.000,181625,1167316,3287,2288,84662,70249,9147,329.684641437,0.0002132885828,1069028.49497805,0.6916050794,670429963,853900
2024-04-25 00:00:00.000,198199,1153993,3121,2095,74495,60609,8745,238.385885808,0.0001531548856,747713.722498181,0.4803808299,677349003,769549
2024-04-26 00:00:00.000,187174,1112120,2911,2025,64674,50373,8746,221.650738916,0.0001466376583,695091.043691377,0.4598519429,581258930,849812
2024-04-27 00:00:00.000,170767,1089581,3099,2335,63074,48851,8832,174.223077906,0.0001159840213,547453.900370587,0.3644517454,753985917,1295728
2024-04-28 00:00:00.000,157133,1008247,3239,2437,63548,48212,9149,134.006220712,0.00009605643606,442326.043577253,0.3170618729,617713211,900835
2024-04-29 00:00:00.000,158380,1101839,3503,2592,81021,64821,9006,149.365145601,0.0001004180663,476323.203416943,0.3202317035,692605480,712625
2024-04-30 00:00:00.000,161313,1172426,3323,2591,78402,62618,9260,172.879306492,0.0001074531345,527334.550158849,0.3277647944,863565414,838446
2024-05-01 00:00:00.000,151411,1204772,3017,2295,82401,66389,8903,133.013364498,0.00008225827896,389987.762028793,0.2411766836,916142908,830818
2024-05-02 00:00:00.000,154758,1053183,2782,2211,53285,37758,8680,131.062071257,0.00009378430898,390329.770565801,0.279308937,608137925,696924
2024-05-03 00:00:00.000,148921,886197,2320,1546,42939,31402,8367,127.018757867,0.0001069154465,384036.442300844,0.3232548356,627153257,905121
2024-05-04 00:00:00.000,145616,877235,2339,1694,33747,22739,8273,81.684902337,0.00007198461548,255079.271993864,0.2247879692,565162036,732549
2024-05-05 00:00:00.000,136554,849089,2735,2170,32908,21571,8454,115.123040698,0.0001017931287,360184.214724979,0.318479063,391912100,422848
2024-05-06 00:00:00.000,155550,984455,3193,2283,37399,25299,8820,137.63483133,0.0001049504329,429267.574949526,0.3273286084,554101502,722805
2024-05-07 00:00:00.000,159056,951650,3309,2308,34805,23197,8735,164.44872192,0.000125861769,505202.659479025,0.3866597423,554323502,657430
2024-05-08 00:00:00.000,151418,939072,7043,2389,34565,23985,8782,127.851150061,0.0001024022462,384200.771874308,0.3077252103,593052688,778797
2024-05-09 00:00:00.000,148333,877511,3119,1685,33121,21485,8068,132.979808594,0.0001143287826,397922.518003922,0.3421120661,430855378,584048
2024-05-10 00:00:00.000,150814,872764,3584,1893,41135,24134,8293,115.356124784,0.00009964327682,346182.949115809,0.2990287988,473255360,616442
2024-05-11 00:00:00.000,138673,822277,3989,2379,34178,20251,8329,65.825321034,0.00006208951886,191948.064453461,0.1810543843,302250452,434249
2024-05-12 00:00:00.000,134781,716722,3159,1967,30183,18457,7653,53.661939385,0.00005717999581,157039.51690628,0.1673349682,245461728,393951
2024-05-13 00:00:00.000,145584,814787,2620,1319,38914,24588,7839,81.121696493,0.00007332915396,238731.029909663,0.2157985496,481774643,567772
2024-05-14 00:00:00.000,131293,800967,6597,1717,39137,24332,8136,85.466700276,0.00007991560268,248280.10552544,0.2321542098,508475207,521073
2024-05-15 00:00:00.000,134154,876380,3515,1885,38458,24583,8591,78.947449582,0.00006781902566,231178.198599102,0.1985913448,704192565,599300
2024-05-16 00:00:00.000,139691,774842,3188,2000,38190,23525,8177,70.609435878,0.00007046456074,211003.190263474,0.2105702578,512226288,467241
2024-05-17 00:00:00.000,129715,789888,2836,1449,34199,19674,7953,56.321650627,0.00005390503405,170797.050316349,0.16346859,592619096,500315
2024-05-18 00:00:00.000,107295,616720,2252,1061,23745,14887,7570,38.110346561,0.00004608465007,118655.108131792,0.1434827975,382913242,350906
2024-05-19 00:00:00.000,112988,645396,3986,1080,28567,15915,7333,39.744750998,0.00004566194553,123083.367795078,0.1414080072,367474383,309475
2024-05-20 00:00:00.000,150521,962367,2475,1356,36708,24476,8543,92.969248089,0.00007025194643,299242.117947923,0.2261214506,1135635766,849432
2024-05-21 00:00:00.000,158249,1032687,2381,1352,44014,29145,8932,105.503737355,0.00007510862769,393563.260003091,0.2801796136,1199889463,991492
2024-05-22 00:00:00.000,158988,919867,2208,1349,34428,20526,8402,79.998843693,0.00006519825339,299544.684060175,0.2441259062,1021559853,784715
2024-05-23 00:00:00.000,154249,1136305,2076,1310,39340,24798,8195,165.959966283,0.0001114552354,630612.402371004,0.423506074,2005210863,1348282
2024-05-24 00:00:00.000,153912,951405,2318,1449,47061,32955,8504,70.432336554,0.00005700899791,262115.109539013,0.212159932,951819164,688576
2024-05-25 00:00:00.000,136869,693646,2232,1289,19365,15425,7890,58.500728352,0.00006369103846,219215.96911561,0.2386652801,472393754,407203
2024-05-26 00:00:00.000,134628,774935,2166,1326,19283,14727,8233,141.333947633,0.0001366942707,533283.294727696,0.5157767986,609953003,641995
2024-05-27 00:00:00.000,159183,844406,2202,1505,20097,14956,8450,77.216271835,0.00006840726332,301662.480618031,0.2672481364,733117675,602330
2024-05-28 00:00:00.000,169912,870005,2471,1500,21159,15140,8388,50.536521215,0.00004427691643,195154.870555945,0.1709824042,673913091,522925
2024-05-29 00:00:00.000,178068,951190,2427,1516,22719,16836,8801,33.542594763,0.00002631264342,127771.342928491,0.1002308202,753475960,608795
2024-05-30 00:00:00.000,220411,1065560,4745,1586,23143,15674,9536,60.632257416,0.00004204042568,228363.991425073,0.1583401282,724941370,857804
2024-05-31 00:00:00.000,202959,1026083,3666,1649,19040,13119,9145,31.390138213,0.00002242588432,118332.026413585,0.08453930079,596841800,606120
2024-06-01 00:00:00.000,136909,804029,6131,1894,14330,9135,9289,26.226816367,0.00002414881117,99414.240937675,0.09153744389,324815375,412135
2024-06-02 00:00:00.000,137194,888848,2563,2035,16489,10446,9261,41.002612012,0.00003416357646,155401.495764544,0.1294812848,457899482,537840
2024-06-03 00:00:00.000,172741,1049051,3040,1969,18524,11283,9811,35.757308751,0.00002590309712,135678.831945496,0.09828765319,590125236,700606
2024-06-04 00:00:00.000,220116,1198507,2955,1983,17496,10311,10003,42.967927932,0.00002806175054,162506.450760586,0.1061306817,560554511,604343
2024-06-05 00:00:00.000,191341,1129731,2992,2016,16652,9310,10244,65.002192518,0.00004470208272,248732.208532323,0.1710534265,449123498,632462
2024-06-06 00:00:00.000,169288,1154817,2958,1927,17469,10350,10511,79.87046269,0.00005333088238,306424.761084218,0.2046050861,503447732,595752
2024-06-07 00:00:00.000,172766,1127624,3250,1840,29595,13894,10736,81.404365173,0.00005427978138,307763.170160494,0.205214027,814797864,1006946
2024-06-08 00:00:00.000,172785,966130,3083,1821,23568,9898,10347,34.121178168,0.00002658692281,125790.606698648,0.09801493764,416138909,444769
2024-06-09 00:00:00.000,177163,899709,3432,1906,20589,8779,9911,36.957612736,0.00003054040232,136410.703939828,0.1127247533,358122329,479964
2024-06-10 00:00:00.000,200224,1070763,3460,2140,21865,9854,10861,54.996205831,0.00003987283735,202517.945968569,0.1468276765,464627359,575857
2024-06-11 00:00:00.000,197493,1209712,2962,2148,26389,15140,11353,58.422833369,0.00003729744732,207525.617830118,0.1324854573,806912358,730448
2024-06-12 00:00:00.000,246021,1211889,3060,2237,22273,12667,10987,74.502784291,0.00004840829362,265423.538517615,0.1724593343,830417088,768640
2024-06-13 00:00:00.000,292899,1280057,3081,2019,18561,11698,11020,55.97284407,0.0000345542098,195928.698252704,0.1209543924,679987939,597998
2024-06-14 00:00:00.000,273954,1240693,2759,1829,19743,13230,10298,44.568198216,0.00002835183023,154672.035710943,0.09839382056,692364036,593043
2024-06-15 00:00:00.000,261728,1154630,2839,1946,15769,9586,10904,42.995783474,0.00002881764582,151706.67297245,0.1016804165,505810229,383417
2024-06-16 00:00:00.000,273748,1086501,2945,1954,14721,9408,10990,30.182388932,0.0000217784224,107804.943805501,0.07778779899,414932725,357772
2024-06-17 00:00:00.000,310972,1289069,3077,1988,18335,12864,11589,47.866352266,0.00002884649942,169304.808335201,0.1020309847,731419369,560470
2024-06-18 00:00:00.000,289248,1296403,2324,1508,21230,16325,11128,66.923945657,0.00004007671475,230483.486806172,0.1380226594,915764070,728544
2024-06-19 00:00:00.000,325070,1369999,2963,1960,19524,12962,11774,46.4631307,0.00002758311969,164247.531211114,0.09750654429,622001602,567180
2024-06-20 00:00:00.000,382151,1359140,2881,1924,16220,10519,10877,226.154095762,0.0001351328184,806334.65029689,0.4818054411,710605786,940673
2024-06-21 00:00:00.000,326756,1331853,3054,1821,18023,12654,10688,48.106723397,0.00002921417764,168230.008858237,0.1021624633,1012857334,715250
2024-06-22 00:00:00.000,263457,1105834,2998,1806,12861,8717,10534,21.498872388,0.000015294406,75213.572531135,0.05350731398,341701489,346735
2024-06-23 00:00:00.000,343101,1298189,4498,1988,13463,9764,10536,20.453598717,0.00001214967351,71378.450934959,0.042399623,364176809,314369
2024-06-24 00:00:00.000,313151,1481174,3095,2026,21065,15228,11619,51.06736436,0.00002682815403,170229.794178984,0.08942993623,918494804,711969
2024-06-25 00:00:00.000,326275,1525662,3169,2163,17251,11779,11062,38.602089526,0.00002040263398,130556.402683594,0.06900389409,591617175,477428
2024-06-26 00:00:00.000,319642,1368008,4255,2486,18773,13795,11366,34.994611399,0.00002076679946,118196.955020429,0.07014144073,596988246,359677
2024-06-27 00:00:00.000,341036,1300138,2850,1877,17386,12256,10812,48.708495353,0.00003004948067,166505.627816609,0.1027214577,523422130,383106
2024-06-28 00:00:00.000,400488,1343705,2803,2008,19027,13575,10694,27.761629955,0.0000168110784,95215.284054941,0.05765769546,497318785,374724
2024-06-29 00:00:00.000,409431,1212156,3144,1988,14447,9593,10799,19.668246384,0.00001342729389,66562.961076217,0.04544179604,242464589,205318
2024-06-30 00:00:00.000,316511,1162061,2925,2074,15035,9942,10626,18.369924594,0.0000126743941,62258.426073079,0.04295542008,332281910,238921
2024-07-01 00:00:00.000,365048,1349627,2958,2023,20980,15091,11526,27.685908461,0.00001682775139,96021.401474324,0.05836269648,473664981,404847
2024-07-02 00:00:00.000,428042,1300587,2858,2095,20640,14806,11646,22.201041829,0.00001420913965,76197.76266344,0.04876819111,400109499,332028
2024-07-03 00:00:00.000,470675,1442784,4022,2188,23381,17910,11612,29.888264492,0.00001710306007,99369.995938517,0.05686282019,541546734,408545
2024-07-04 00:00:00.000,394301,1342027,3155,2239,23084,17841,11834,41.101492762,0.00002481452736,131580.736716533,0.07944027265,656806207,492968
2024-07-05 00:00:00.000,281760,1408564,3259,2447,23520,18151,12204,116.431015122,0.00006501257196,354609.724052358,0.1980064348,931461050,727107
2024-07-06 00:00:00.000,269595,1092888,2961,2205,17537,12367,10860,18.313851393,0.00001324275156,55136.483589729,0.03986920821,362627288,292106
2024-07-07 00:00:00.000,285685,1123255,2833,2149,19913,13405,11036,18.588369571,0.0000130925955,55872.972681727,0.03935375977,393901279,304728
2024-07-08 00:00:00.000,317381,1458679,2775,2360,24950,19113,11469,32.058245616,0.00001772839869,95609.517604001,0.05287262649,820926843,570555
2024-07-09 00:00:00.000,314548,1367770,3105,2404,27433,18362,11550,22.96184226,0.00001380906782,70380.23843702,0.04232611108,521666396,436294
2024-07-10 00:00:00.000,320360,1293724,2908,2343,20672,14433,11509,26.707379493,0.00001723220169,82735.173166323,0.05338259381,506480600,389705
2024-07-11 00:00:00.000,409690,1337102,3314,2700,16566,10666,11463,28.24585402,0.00001737433377,88402.977352052,0.05437763835,516286214,374382
2024-07-12 00:00:00.000,310219,1237124,3606,2655,17810,11075,12238,20.341030099,0.00001327509519,63110.958700474,0.04118788379,433881951,292167
2024-07-13 00:00:00.000,283978,1064457,3245,4854,14525,9173,11746,10.935900917,0.000008593352913,34421.297100602,0.02704800967,257352662,185707
2024-07-14 00:00:00.000,335363,1141610,2556,9161,16692,11026,10635,17.498381178,0.00001259493405,55908.971813197,0.04024199756,281973599,232794
2024-07-15 00:00:00.000,407713,1325227,2577,1475,21582,16570,10842,37.464661598,0.00002268189518,126134.893217004,0.07636472091,591580803,486121
2024-07-16 00:00:00.000,347452,1375476,2757,1743,21105,14123,10828,41.24058072,0.00002458431438,141544.940210025,0.08437769906,688536333,552733
2024-07-17 00:00:00.000,338893,1255076,3494,2453,19878,13048,11453,37.462935708,0.00002405050062,129256.30997678,0.08298012168,695946498,562067
2024-07-18 00:00:00.000,491771,1447969,2941,1916,19069,12310,10663,44.664993159,0.00002544417983,153218.173522809,0.08728336186,521709791,638634
2024-07-19 00:00:00.000,442990,1360269,2466,1541,22785,15661,10590,40.243367918,0.00002422250573,139030.1051441,0.08368229831,584518260,719864
2024-07-20 00:00:00.000,529192,1335141,2097,1451,20498,13931,10154,52.531630223,0.00003307912184,184055.204798128,0.1158994023,383556777,552660
2024-07-21 00:00:00.000,469511,1295602,2340,1444,19615,13515,10269,60.990582039,0.00003906514962,213673.400435028,0.1368602017,512618747,604422
2024-07-22 00:00:00.000,499388,1410754,2996,2191,20816,13800,11189,33.632791898,0.00002022739156,117272.196323113,0.07052969735,516362935,536790
2024-07-23 00:00:00.000,433905,1559420,3277,2595,19850,13282,11548,38.702522079,0.00002105431282,134253.952611446,0.07303463868,910867555,721941
2024-07-24 00:00:00.000,309008,1152642,3015,2292,16598,10495,10958,30.825316757,0.0000224169612,105591.088093787,0.0767885483,264352522,325252
2024-07-25 00:00:00.000,288059,1372338,3370,2597,20150,13580,11967,44.180209317,0.00002618241633,141946.668751079,0.08412152942,694018600,513322
2024-07-26 00:00:00.000,343319,1329660,3073,2429,16196,10483,11419,20.200239404,0.00001241478879,65420.909695393,0.04020678964,403285616,372797
2024-07-27 00:00:00.000,418145,1452644,3034,2441,13822,8338,10725,37.032447624,0.00001872158083,120891.948833696,0.06111635977,472353525,349615
2024-07-28 00:00:00.000,330258,1197127,2894,2382,12980,7462,11073,32.092425409,0.00002175542313,104557.314747606,0.07087929923,376468160,296016
2024-07-29 00:00:00.000,340303,1378511,3202,2735,16559,10869,11438,28.983147114,0.0000173517699,96853.682624997,0.0579848285,549025039,437785